nama,X,Y
STMIK DCI,108.23366224765778,-7.331347983155008

